{
    "usuario": {
        "nome": "AUTO TRANSPORTE",
        "email": "autotransportes.at@hotmail.com",
        "telefone": "85996385306",
        "data_cadastro": "2025-10-20 13:25:12"
    },
    "configuracoes": {
        "id": 1,
        "user_id": 4,
        "notificacoes_email": 1,
        "notificacoes_push": 1,
        "notificacoes_leads": 1,
        "notificacoes_cotacoes": 1,
        "notificacoes_whatsapp": 1,
        "tema_escuro": 0,
        "idioma": "en-US",
        "fuso_horario": "America\/Sao_Paulo",
        "privacidade_perfil": "publico",
        "receber_newsletter": 1,
        "data_atualizacao": "2025-10-20 17:27:45"
    },
    "data_exportacao": "2025-10-31 00:54:38"
}